{
  "words_result":
  {
    "number": "粤Y3680B",
    "vertexes_location":
    [
      {
        "x": 18,
        "y": 264
      },
      {
        "x": 478,
        "y": 257
      },
      {
        "x": 478,
        "y": 402
      },
      {
        "x": 20,
        "y": 409
      }
    ],
    "color": "blue",
    "probability":
    [
      0.9998350143432617,
      0.9996494054794312,
      0.9996459484100342,
      0.9999500513076782,
      0.9998470544815063,
      0.9999396800994873,
      0.9997240900993347
    ]
  },
  "log_id": 1347508406474244096
}